dataset,n_features,model,fold,pair,tau_topk
dropout,36,random_forest,0,shap-lime,0.4358974358974358
dropout,36,random_forest,0,shap-permutation,0.39393939393939387
dropout,36,random_forest,0,lime-permutation,0.14285714285714285
dropout,36,random_forest,1,shap-lime,0.39393939393939387
dropout,36,random_forest,1,shap-permutation,0.5757575757575757
dropout,36,random_forest,1,lime-permutation,0.23076923076923073
dropout,36,random_forest,2,shap-lime,0.3846153846153845
dropout,36,random_forest,2,shap-permutation,0.5151515151515151
dropout,36,random_forest,2,lime-permutation,0.10476190476190476
dropout,36,random_forest,3,shap-lime,0.30769230769230765
dropout,36,random_forest,3,shap-permutation,0.6000000000000001
dropout,36,random_forest,3,lime-permutation,0.3589743589743589
dropout,36,random_forest,4,shap-lime,0.3333333333333333
dropout,36,random_forest,4,shap-permutation,0.7818181818181819
dropout,36,random_forest,4,lime-permutation,0.2051282051282051
dropout,36,random_forest,5,shap-lime,0.3333333333333333
dropout,36,random_forest,5,shap-permutation,0.5454545454545454
dropout,36,random_forest,5,lime-permutation,0.282051282051282
dropout,36,random_forest,6,shap-lime,0.282051282051282
dropout,36,random_forest,6,shap-permutation,0.6969696969696969
dropout,36,random_forest,6,lime-permutation,0.18681318681318684
dropout,36,random_forest,7,shap-lime,0.33333333333333326
dropout,36,random_forest,7,shap-permutation,0.4242424242424242
dropout,36,random_forest,7,lime-permutation,0.12380952380952381
dropout,36,random_forest,8,shap-lime,0.4242424242424242
dropout,36,random_forest,8,shap-permutation,0.5272727272727272
dropout,36,random_forest,8,lime-permutation,0.10256410256410255
dropout,36,random_forest,9,shap-lime,0.3636363636363636
dropout,36,random_forest,9,shap-permutation,0.4358974358974358
dropout,36,random_forest,9,lime-permutation,0.1208791208791209
dropout,36,gradient_boosting,0,shap-lime,-0.06666666666666668
dropout,36,gradient_boosting,0,shap-permutation,0.3846153846153845
dropout,36,gradient_boosting,0,lime-permutation,-0.3235294117647059
dropout,36,gradient_boosting,1,shap-lime,0.08571428571428572
dropout,36,gradient_boosting,1,shap-permutation,0.2967032967032967
dropout,36,gradient_boosting,1,lime-permutation,-0.1619047619047619
dropout,36,gradient_boosting,2,shap-lime,-0.04761904761904762
dropout,36,gradient_boosting,2,shap-permutation,0.33333333333333326
dropout,36,gradient_boosting,2,lime-permutation,-0.21666666666666667
dropout,36,gradient_boosting,3,shap-lime,-0.028571428571428574
dropout,36,gradient_boosting,3,shap-permutation,0.4102564102564102
dropout,36,gradient_boosting,3,lime-permutation,-0.08333333333333334
dropout,36,gradient_boosting,4,shap-lime,0.04761904761904762
dropout,36,gradient_boosting,4,shap-permutation,0.2967032967032967
dropout,36,gradient_boosting,4,lime-permutation,-0.11666666666666665
dropout,36,gradient_boosting,5,shap-lime,0.028571428571428574
dropout,36,gradient_boosting,5,shap-permutation,0.2967032967032967
dropout,36,gradient_boosting,5,lime-permutation,-0.18095238095238098
dropout,36,gradient_boosting,6,shap-lime,-0.009523809523809525
dropout,36,gradient_boosting,6,shap-permutation,0.46153846153846145
dropout,36,gradient_boosting,6,lime-permutation,0.028571428571428574
dropout,36,gradient_boosting,7,shap-lime,0.14285714285714285
dropout,36,gradient_boosting,7,shap-permutation,0.23076923076923073
dropout,36,gradient_boosting,7,lime-permutation,-0.06666666666666668
dropout,36,gradient_boosting,8,shap-lime,-0.03296703296703297
dropout,36,gradient_boosting,8,shap-permutation,0.4545454545454545
dropout,36,gradient_boosting,8,lime-permutation,-0.19999999999999998
dropout,36,gradient_boosting,9,shap-lime,-0.08571428571428572
dropout,36,gradient_boosting,9,shap-permutation,0.3626373626373627
dropout,36,gradient_boosting,9,lime-permutation,-0.04761904761904762
dropout,36,logistic_regression,0,shap-lime,0.09890109890109891
dropout,36,logistic_regression,0,shap-permutation,0.6969696969696969
dropout,36,logistic_regression,0,lime-permutation,0.06666666666666667
dropout,36,logistic_regression,1,shap-lime,0.07692307692307693
dropout,36,logistic_regression,1,shap-permutation,0.7272727272727272
dropout,36,logistic_regression,1,lime-permutation,0.1208791208791209
dropout,36,logistic_regression,2,shap-lime,-0.01098901098901099
dropout,36,logistic_regression,2,shap-permutation,0.6923076923076922
dropout,36,logistic_regression,2,lime-permutation,0.12820512820512817
dropout,36,logistic_regression,3,shap-lime,0.05494505494505495
dropout,36,logistic_regression,3,shap-permutation,0.8909090909090909
dropout,36,logistic_regression,3,lime-permutation,0.07692307692307693
dropout,36,logistic_regression,4,shap-lime,0.07692307692307693
dropout,36,logistic_regression,4,shap-permutation,0.8909090909090909
dropout,36,logistic_regression,4,lime-permutation,0.12820512820512817
dropout,36,logistic_regression,5,shap-lime,0.09890109890109891
dropout,36,logistic_regression,5,shap-permutation,0.5128205128205127
dropout,36,logistic_regression,5,lime-permutation,0.15384615384615383
dropout,36,logistic_regression,6,shap-lime,0.06666666666666667
dropout,36,logistic_regression,6,shap-permutation,0.6363636363636362
dropout,36,logistic_regression,6,lime-permutation,0.2527472527472528
dropout,36,logistic_regression,7,shap-lime,0.03333333333333333
dropout,36,logistic_regression,7,shap-permutation,0.4871794871794871
dropout,36,logistic_regression,7,lime-permutation,0.23076923076923078
dropout,36,logistic_regression,8,shap-lime,-0.05494505494505495
dropout,36,logistic_regression,8,shap-permutation,0.8181818181818181
dropout,36,logistic_regression,8,lime-permutation,0.009523809523809525
dropout,36,logistic_regression,9,shap-lime,0.08571428571428572
dropout,36,logistic_regression,9,shap-permutation,0.7454545454545454
dropout,36,logistic_regression,9,lime-permutation,0.009523809523809525
german_credit,61,random_forest,0,shap-lime,0.12380952380952381
german_credit,61,random_forest,0,shap-permutation,0.4725274725274726
german_credit,61,random_forest,0,lime-permutation,0.06666666666666668
german_credit,61,random_forest,1,shap-lime,0.028571428571428574
german_credit,61,random_forest,1,shap-permutation,0.27472527472527475
german_credit,61,random_forest,1,lime-permutation,0.028571428571428574
german_credit,61,random_forest,2,shap-lime,0.23809523809523814
german_credit,61,random_forest,2,shap-permutation,0.16666666666666669
german_credit,61,random_forest,2,lime-permutation,-0.10294117647058822
german_credit,61,random_forest,3,shap-lime,0.025641025641025637
german_credit,61,random_forest,3,shap-permutation,0.3406593406593407
german_credit,61,random_forest,3,lime-permutation,0.14285714285714288
german_credit,61,random_forest,4,shap-lime,0.18681318681318684
german_credit,61,random_forest,4,shap-permutation,0.23809523809523814
german_credit,61,random_forest,4,lime-permutation,-0.044117647058823525
german_credit,61,random_forest,5,shap-lime,0.06666666666666668
german_credit,61,random_forest,5,shap-permutation,0.12380952380952381
german_credit,61,random_forest,5,lime-permutation,-0.03333333333333333
german_credit,61,random_forest,6,shap-lime,0.08571428571428572
german_credit,61,random_forest,6,shap-permutation,0.09890109890109891
german_credit,61,random_forest,6,lime-permutation,-0.21666666666666667
german_credit,61,random_forest,7,shap-lime,0.009523809523809525
german_credit,61,random_forest,7,shap-permutation,0.3186813186813187
german_credit,61,random_forest,7,lime-permutation,-0.08571428571428572
german_credit,61,random_forest,8,shap-lime,0.05128205128205127
german_credit,61,random_forest,8,shap-permutation,0.4102564102564102
german_credit,61,random_forest,8,lime-permutation,0.10256410256410255
german_credit,61,random_forest,9,shap-lime,0.07692307692307693
german_credit,61,random_forest,9,shap-permutation,0.282051282051282
german_credit,61,random_forest,9,lime-permutation,-0.028571428571428574
german_credit,61,gradient_boosting,0,shap-lime,-0.15
german_credit,61,gradient_boosting,0,shap-permutation,0.45054945054945056
german_credit,61,gradient_boosting,0,lime-permutation,-0.19117647058823525
german_credit,61,gradient_boosting,1,shap-lime,-0.18333333333333335
german_credit,61,gradient_boosting,1,shap-permutation,0.05494505494505495
german_credit,61,gradient_boosting,1,lime-permutation,-0.20000000000000004
german_credit,61,gradient_boosting,2,shap-lime,-0.10476190476190476
german_credit,61,gradient_boosting,2,shap-permutation,0.20000000000000004
german_credit,61,gradient_boosting,2,lime-permutation,-0.2941176470588235
german_credit,61,gradient_boosting,3,shap-lime,-0.06666666666666667
german_credit,61,gradient_boosting,3,shap-permutation,0.16483516483516486
german_credit,61,gradient_boosting,3,lime-permutation,-0.19999999999999998
german_credit,61,gradient_boosting,4,shap-lime,-0.04761904761904762
german_credit,61,gradient_boosting,4,shap-permutation,0.4358974358974358
german_credit,61,gradient_boosting,4,lime-permutation,-0.20000000000000004
german_credit,61,gradient_boosting,5,shap-lime,-0.18095238095238098
german_credit,61,gradient_boosting,5,shap-permutation,-0.05494505494505495
german_credit,61,gradient_boosting,5,lime-permutation,-0.09999999999999999
german_credit,61,gradient_boosting,6,shap-lime,-0.23809523809523814
german_credit,61,gradient_boosting,6,shap-permutation,0.028571428571428574
german_credit,61,gradient_boosting,6,lime-permutation,-0.028571428571428574
german_credit,61,gradient_boosting,7,shap-lime,-0.2527472527472528
german_credit,61,gradient_boosting,7,shap-permutation,0.2967032967032967
german_credit,61,gradient_boosting,7,lime-permutation,-0.20588235294117643
german_credit,61,gradient_boosting,8,shap-lime,-0.049999999999999996
german_credit,61,gradient_boosting,8,shap-permutation,0.282051282051282
german_credit,61,gradient_boosting,8,lime-permutation,0.12380952380952381
german_credit,61,gradient_boosting,9,shap-lime,0.03296703296703297
german_credit,61,gradient_boosting,9,shap-permutation,0.1208791208791209
german_credit,61,gradient_boosting,9,lime-permutation,0.07692307692307693
german_credit,61,logistic_regression,0,shap-lime,0.14285714285714285
german_credit,61,logistic_regression,0,shap-permutation,0.23076923076923073
german_credit,61,logistic_regression,0,lime-permutation,-0.33333333333333337
german_credit,61,logistic_regression,1,shap-lime,-0.06666666666666667
german_credit,61,logistic_regression,1,shap-permutation,0.23076923076923073
german_credit,61,logistic_regression,1,lime-permutation,-0.1619047619047619
german_credit,61,logistic_regression,2,shap-lime,0.01098901098901099
german_credit,61,logistic_regression,2,shap-permutation,0.0606060606060606
german_credit,61,logistic_regression,2,lime-permutation,-0.3666666666666667
german_credit,61,logistic_regression,3,shap-lime,0.03296703296703297
german_credit,61,logistic_regression,3,shap-permutation,0.009523809523809525
german_credit,61,logistic_regression,3,lime-permutation,-0.03333333333333333
german_credit,61,logistic_regression,4,shap-lime,0.16666666666666669
german_credit,61,logistic_regression,4,shap-permutation,0.25641025641025633
german_credit,61,logistic_regression,4,lime-permutation,-0.06666666666666667
german_credit,61,logistic_regression,5,shap-lime,0.14285714285714285
german_credit,61,logistic_regression,5,shap-permutation,0.18681318681318684
german_credit,61,logistic_regression,5,lime-permutation,0.07692307692307693
german_credit,61,logistic_regression,6,shap-lime,0.14285714285714285
german_credit,61,logistic_regression,6,shap-permutation,0.09890109890109891
german_credit,61,logistic_regression,6,lime-permutation,-0.1619047619047619
german_credit,61,logistic_regression,7,shap-lime,0.1208791208791209
german_credit,61,logistic_regression,7,shap-permutation,0.2121212121212121
german_credit,61,logistic_regression,7,lime-permutation,-0.25
german_credit,61,logistic_regression,8,shap-lime,0.08571428571428572
german_credit,61,logistic_regression,8,shap-permutation,0.4102564102564102
german_credit,61,logistic_regression,8,lime-permutation,0.09890109890109891
german_credit,61,logistic_regression,9,shap-lime,0.14285714285714285
german_credit,61,logistic_regression,9,shap-permutation,0.3186813186813187
german_credit,61,logistic_regression,9,lime-permutation,0.2051282051282051
oulad,49,random_forest,0,shap-lime,0.2424242424242424
oulad,49,random_forest,0,shap-permutation,0.6444444444444444
oulad,49,random_forest,0,lime-permutation,0.2121212121212121
oulad,49,random_forest,1,shap-lime,0.23076923076923073
oulad,49,random_forest,1,shap-permutation,0.5151515151515151
oulad,49,random_forest,1,lime-permutation,0.38181818181818183
oulad,49,random_forest,2,shap-lime,0.25641025641025633
oulad,49,random_forest,2,shap-permutation,0.5636363636363636
oulad,49,random_forest,2,lime-permutation,0.3636363636363636
oulad,49,random_forest,3,shap-lime,0.282051282051282
oulad,49,random_forest,3,shap-permutation,0.564102564102564
oulad,49,random_forest,3,lime-permutation,0.3636363636363636
oulad,49,random_forest,4,shap-lime,0.23076923076923073
oulad,49,random_forest,4,shap-permutation,0.6969696969696969
oulad,49,random_forest,4,lime-permutation,0.3090909090909091
oulad,49,random_forest,5,shap-lime,0.23076923076923073
oulad,49,random_forest,5,shap-permutation,0.7575757575757575
oulad,49,random_forest,5,lime-permutation,0.2424242424242424
oulad,49,random_forest,6,shap-lime,0.17948717948717946
oulad,49,random_forest,6,shap-permutation,0.5454545454545454
oulad,49,random_forest,6,lime-permutation,0.4545454545454545
oulad,49,random_forest,7,shap-lime,0.33333333333333326
oulad,49,random_forest,7,shap-permutation,0.5454545454545454
oulad,49,random_forest,7,lime-permutation,0.5454545454545454
oulad,49,random_forest,8,shap-lime,0.17948717948717946
oulad,49,random_forest,8,shap-permutation,0.4102564102564102
oulad,49,random_forest,8,lime-permutation,0.23076923076923078
oulad,49,random_forest,9,shap-lime,0.30769230769230765
oulad,49,random_forest,9,shap-permutation,0.6153846153846153
oulad,49,random_forest,9,lime-permutation,0.3636363636363636
oulad,49,gradient_boosting,0,shap-lime,-0.15
oulad,49,gradient_boosting,0,shap-permutation,0.33333333333333326
oulad,49,gradient_boosting,0,lime-permutation,0.2051282051282051
oulad,49,gradient_boosting,1,shap-lime,-0.11666666666666665
oulad,49,gradient_boosting,1,shap-permutation,0.39393939393939387
oulad,49,gradient_boosting,1,lime-permutation,-0.049999999999999996
oulad,49,gradient_boosting,2,shap-lime,-0.03296703296703297
oulad,49,gradient_boosting,2,shap-permutation,0.33333333333333326
oulad,49,gradient_boosting,2,lime-permutation,0.303030303030303
oulad,49,gradient_boosting,3,shap-lime,0.009523809523809525
oulad,49,gradient_boosting,3,shap-permutation,0.3846153846153845
oulad,49,gradient_boosting,3,lime-permutation,0.18681318681318684
oulad,49,gradient_boosting,4,shap-lime,0.009523809523809525
oulad,49,gradient_boosting,4,shap-permutation,0.3846153846153845
oulad,49,gradient_boosting,4,lime-permutation,0.18681318681318684
oulad,49,gradient_boosting,5,shap-lime,-0.009523809523809525
oulad,49,gradient_boosting,5,shap-permutation,0.4909090909090909
oulad,49,gradient_boosting,5,lime-permutation,0.16483516483516486
oulad,49,gradient_boosting,6,shap-lime,-0.08571428571428572
oulad,49,gradient_boosting,6,shap-permutation,0.3636363636363636
oulad,49,gradient_boosting,6,lime-permutation,0.1619047619047619
oulad,49,gradient_boosting,7,shap-lime,-0.11666666666666665
oulad,49,gradient_boosting,7,shap-permutation,0.6666666666666666
oulad,49,gradient_boosting,7,lime-permutation,-0.028571428571428574
oulad,49,gradient_boosting,8,shap-lime,-0.27472527472527475
oulad,49,gradient_boosting,8,shap-permutation,0.6153846153846153
oulad,49,gradient_boosting,8,lime-permutation,-0.009523809523809525
oulad,49,gradient_boosting,9,shap-lime,-0.009523809523809525
oulad,49,gradient_boosting,9,shap-permutation,0.4545454545454545
oulad,49,gradient_boosting,9,lime-permutation,0.14285714285714288
oulad,49,logistic_regression,0,shap-lime,-0.18095238095238098
oulad,49,logistic_regression,0,shap-permutation,0.3333333333333333
oulad,49,logistic_regression,0,lime-permutation,0.0
oulad,49,logistic_regression,1,shap-lime,-0.16483516483516486
oulad,49,logistic_regression,1,shap-permutation,0.3846153846153845
oulad,49,logistic_regression,1,lime-permutation,-0.028571428571428574
oulad,49,logistic_regression,2,shap-lime,-0.37142857142857144
oulad,49,logistic_regression,2,shap-permutation,0.33333333333333326
oulad,49,logistic_regression,2,lime-permutation,-0.0606060606060606
oulad,49,logistic_regression,3,shap-lime,-0.2833333333333333
oulad,49,logistic_regression,3,shap-permutation,0.3589743589743589
oulad,49,logistic_regression,3,lime-permutation,-0.1208791208791209
oulad,49,logistic_regression,4,shap-lime,-0.45054945054945056
oulad,49,logistic_regression,4,shap-permutation,0.282051282051282
oulad,49,logistic_regression,4,lime-permutation,-0.07692307692307691
oulad,49,logistic_regression,5,shap-lime,-0.18681318681318684
oulad,49,logistic_regression,5,shap-permutation,0.3846153846153845
oulad,49,logistic_regression,5,lime-permutation,-0.009523809523809525
oulad,49,logistic_regression,6,shap-lime,-0.3904761904761905
oulad,49,logistic_regression,6,shap-permutation,0.2727272727272727
oulad,49,logistic_regression,6,lime-permutation,-0.07692307692307691
oulad,49,logistic_regression,7,shap-lime,-0.29523809523809524
oulad,49,logistic_regression,7,shap-permutation,0.5384615384615383
oulad,49,logistic_regression,7,lime-permutation,-0.12820512820512817
oulad,49,logistic_regression,8,shap-lime,-0.2527472527472528
oulad,49,logistic_regression,8,shap-permutation,0.3846153846153845
oulad,49,logistic_regression,8,lime-permutation,0.009523809523809525
oulad,49,logistic_regression,9,shap-lime,-0.2527472527472528
oulad,49,logistic_regression,9,shap-permutation,0.3846153846153845
oulad,49,logistic_regression,9,lime-permutation,-0.025641025641025637
rice,7,random_forest,0,shap-lime,0.6190476190476191
rice,7,random_forest,0,shap-permutation,1.0
rice,7,random_forest,0,lime-permutation,0.6190476190476191
rice,7,random_forest,1,shap-lime,0.6190476190476191
rice,7,random_forest,1,shap-permutation,0.9047619047619049
rice,7,random_forest,1,lime-permutation,0.5238095238095238
rice,7,random_forest,2,shap-lime,0.6190476190476191
rice,7,random_forest,2,shap-permutation,0.9047619047619049
rice,7,random_forest,2,lime-permutation,0.7142857142857143
rice,7,random_forest,3,shap-lime,0.6190476190476191
rice,7,random_forest,3,shap-permutation,0.4285714285714286
rice,7,random_forest,3,lime-permutation,0.4285714285714286
rice,7,random_forest,4,shap-lime,0.5238095238095238
rice,7,random_forest,4,shap-permutation,0.7142857142857143
rice,7,random_forest,4,lime-permutation,0.23809523809523814
rice,7,random_forest,5,shap-lime,0.5238095238095238
rice,7,random_forest,5,shap-permutation,1.0
rice,7,random_forest,5,lime-permutation,0.5238095238095238
rice,7,random_forest,6,shap-lime,0.5238095238095238
rice,7,random_forest,6,shap-permutation,0.7142857142857143
rice,7,random_forest,6,lime-permutation,0.23809523809523814
rice,7,random_forest,7,shap-lime,0.6190476190476191
rice,7,random_forest,7,shap-permutation,0.9047619047619049
rice,7,random_forest,7,lime-permutation,0.5238095238095238
rice,7,random_forest,8,shap-lime,0.6190476190476191
rice,7,random_forest,8,shap-permutation,0.7142857142857143
rice,7,random_forest,8,lime-permutation,0.33333333333333337
rice,7,random_forest,9,shap-lime,0.6190476190476191
rice,7,random_forest,9,shap-permutation,0.9047619047619049
rice,7,random_forest,9,lime-permutation,0.5238095238095238
rice,7,gradient_boosting,0,shap-lime,0.14285714285714288
rice,7,gradient_boosting,0,shap-permutation,0.7142857142857143
rice,7,gradient_boosting,0,lime-permutation,0.4285714285714286
rice,7,gradient_boosting,1,shap-lime,0.14285714285714288
rice,7,gradient_boosting,1,shap-permutation,0.8095238095238096
rice,7,gradient_boosting,1,lime-permutation,0.33333333333333337
rice,7,gradient_boosting,2,shap-lime,0.33333333333333337
rice,7,gradient_boosting,2,shap-permutation,0.7142857142857143
rice,7,gradient_boosting,2,lime-permutation,0.4285714285714286
rice,7,gradient_boosting,3,shap-lime,0.23809523809523814
rice,7,gradient_boosting,3,shap-permutation,0.8095238095238096
rice,7,gradient_boosting,3,lime-permutation,0.4285714285714286
rice,7,gradient_boosting,4,shap-lime,0.23809523809523814
rice,7,gradient_boosting,4,shap-permutation,0.8095238095238096
rice,7,gradient_boosting,4,lime-permutation,0.23809523809523814
rice,7,gradient_boosting,5,shap-lime,0.04761904761904762
rice,7,gradient_boosting,5,shap-permutation,0.6190476190476191
rice,7,gradient_boosting,5,lime-permutation,0.23809523809523814
rice,7,gradient_boosting,6,shap-lime,0.33333333333333337
rice,7,gradient_boosting,6,shap-permutation,0.7142857142857143
rice,7,gradient_boosting,6,lime-permutation,0.23809523809523814
rice,7,gradient_boosting,7,shap-lime,0.33333333333333337
rice,7,gradient_boosting,7,shap-permutation,0.5238095238095238
rice,7,gradient_boosting,7,lime-permutation,0.23809523809523814
rice,7,gradient_boosting,8,shap-lime,0.33333333333333337
rice,7,gradient_boosting,8,shap-permutation,0.8095238095238096
rice,7,gradient_boosting,8,lime-permutation,0.33333333333333337
rice,7,gradient_boosting,9,shap-lime,0.4285714285714286
rice,7,gradient_boosting,9,shap-permutation,0.8095238095238096
rice,7,gradient_boosting,9,lime-permutation,0.4285714285714286
rice,7,logistic_regression,0,shap-lime,0.04761904761904762
rice,7,logistic_regression,0,shap-permutation,1.0
rice,7,logistic_regression,0,lime-permutation,0.04761904761904762
rice,7,logistic_regression,1,shap-lime,0.04761904761904762
rice,7,logistic_regression,1,shap-permutation,1.0
rice,7,logistic_regression,1,lime-permutation,0.04761904761904762
rice,7,logistic_regression,2,shap-lime,0.04761904761904762
rice,7,logistic_regression,2,shap-permutation,1.0
rice,7,logistic_regression,2,lime-permutation,0.04761904761904762
rice,7,logistic_regression,3,shap-lime,0.04761904761904762
rice,7,logistic_regression,3,shap-permutation,0.8095238095238096
rice,7,logistic_regression,3,lime-permutation,0.04761904761904762
rice,7,logistic_regression,4,shap-lime,-0.14285714285714288
rice,7,logistic_regression,4,shap-permutation,0.8095238095238096
rice,7,logistic_regression,4,lime-permutation,0.04761904761904762
rice,7,logistic_regression,5,shap-lime,0.04761904761904762
rice,7,logistic_regression,5,shap-permutation,1.0
rice,7,logistic_regression,5,lime-permutation,0.04761904761904762
rice,7,logistic_regression,6,shap-lime,0.04761904761904762
rice,7,logistic_regression,6,shap-permutation,1.0
rice,7,logistic_regression,6,lime-permutation,0.04761904761904762
rice,7,logistic_regression,7,shap-lime,-0.04761904761904762
rice,7,logistic_regression,7,shap-permutation,1.0
rice,7,logistic_regression,7,lime-permutation,-0.04761904761904762
rice,7,logistic_regression,8,shap-lime,0.04761904761904762
rice,7,logistic_regression,8,shap-permutation,0.9047619047619049
rice,7,logistic_regression,8,lime-permutation,-0.04761904761904762
rice,7,logistic_regression,9,shap-lime,0.04761904761904762
rice,7,logistic_regression,9,shap-permutation,1.0
rice,7,logistic_regression,9,lime-permutation,0.04761904761904762
