dataset,axis,n,tau_mean,tau_median,ci95_lo,ci95_hi
dropout,entre_folds,405,0.7642641583382326,0.8253968253968256,0.7485631981187538,0.7793145208700765
dropout,entre_metodos,90,0.4138271604938272,0.3841269841269842,0.3799232804232805,0.4486119929453262
dropout,entre_modelos,90,0.5501940035273369,0.5523809523809524,0.5294497354497354,0.5724541446208112
german_credit,entre_folds,405,0.5404034271065236,0.6863387978142076,0.5119268029413748,0.5663766444039668
german_credit,entre_metodos,90,0.2837401335761991,0.2814207650273224,0.25667000607164536,0.31016636308439577
german_credit,entre_modelos,90,0.5012993321190042,0.5459016393442622,0.4725391621129327,0.5266569520340011
oulad,entre_folds,405,0.7478668010414041,0.857142857142857,0.7306242126480221,0.7646096833795245
oulad,entre_metodos,90,0.4613756613756614,0.48129251700680264,0.4380886243386243,0.4833007369614511
oulad,entre_modelos,90,0.5477702191987905,0.5331632653061223,0.524315476190476,0.5704086356764929
rice,entre_folds,405,0.8944150499706055,0.9047619047619049,0.8824162257495591,0.9066431510875955
rice,entre_metodos,90,0.46666666666666673,0.4761904761904762,0.401031746031746,0.5343915343915344
rice,entre_modelos,90,0.5534391534391534,0.5238095238095238,0.5047619047619049,0.5957671957671958
