dataset,model,fold,n_classes,accuracy,f1_macro,log_loss
oulad,random_forest,0,4,0.43895705521472395,0.28052279731618,1.2140510070217079
oulad,gradient_boosting,0,4,0.42914110429447855,0.3165675668672143,1.2320690155029297
oulad,logistic_regression,0,4,0.43558282208588955,0.2968122702639054,1.2112933601743616
oulad,random_forest,1,4,0.4392638036809816,0.2796929156765243,1.2216653204719903
oulad,gradient_boosting,1,4,0.4383435582822086,0.3171499656164715,1.2346175909042358
oulad,logistic_regression,1,4,0.44263803680981595,0.3001733782669623,1.213332900180018
oulad,random_forest,2,4,0.4466257668711656,0.28649188614030213,1.2129005448033616
oulad,gradient_boosting,2,4,0.4432515337423313,0.3226592111387132,1.2291263341903687
oulad,logistic_regression,2,4,0.454601226993865,0.3090221616557871,1.2033342810429557
oulad,random_forest,3,4,0.44584228290886774,0.28612054655949765,1.212335744698843
oulad,gradient_boosting,3,4,0.43571647744706965,0.31383263150851265,1.2256402969360352
oulad,logistic_regression,3,4,0.45443387542190855,0.3085146935759213,1.2059653976279183
oulad,random_forest,4,4,0.4455354403191163,0.28933852248090464,1.2126872438582879
oulad,gradient_boosting,4,4,0.4409328014728444,0.31681843946364535,1.2167843580245972
oulad,logistic_regression,4,4,0.4528996624731513,0.30215249557495855,1.20315865987947
oulad,random_forest,5,4,0.4433875421908561,0.28428176472996836,1.2173197038292032
oulad,gradient_boosting,5,4,0.4446149125498619,0.3222888212688811,1.2320315837860107
oulad,logistic_regression,5,4,0.44031911629334153,0.3008623415938382,1.2159341908037562
oulad,random_forest,6,4,0.45535440319116294,0.2972911140485814,1.2067924830862666
oulad,gradient_boosting,6,4,0.4446149125498619,0.3288964894007747,1.2138243913650513
oulad,logistic_regression,6,4,0.4636391531144523,0.32122768577424365,1.1979219524222944
oulad,random_forest,7,4,0.44430806996011046,0.2835964828724499,1.2073082895559855
oulad,gradient_boosting,7,4,0.43663700521632404,0.3147451237636475,1.218973994255066
oulad,logistic_regression,7,4,0.44062595888309297,0.2974760541048507,1.2016036780407922
oulad,random_forest,8,4,0.44154648665234736,0.28033197404749244,1.213826819508321
oulad,gradient_boosting,8,4,0.43786437557532987,0.32182571592051046,1.2191966772079468
oulad,logistic_regression,8,4,0.4519791347038969,0.3133573201244318,1.2033404536804426
oulad,random_forest,9,4,0.4562749309604173,0.2947109619942908,1.206047748282494
oulad,gradient_boosting,9,4,0.4498312365756367,0.3235489762829419,1.208632230758667
oulad,logistic_regression,9,4,0.46455968088370664,0.32150958177143396,1.1983575615346893
dropout,random_forest,0,3,0.7855530474040632,0.7084813501647168,0.6008600023647915
dropout,gradient_boosting,0,3,0.7878103837471784,0.7261939751805765,0.6293785572052002
dropout,logistic_regression,0,3,0.7629796839729119,0.6741976957745687,0.5692189099126667
dropout,random_forest,1,3,0.7674943566591422,0.6667208912550527,0.5814214276854842
dropout,gradient_boosting,1,3,0.7697516930022573,0.6952055826475277,0.6823983788490295
dropout,logistic_regression,1,3,0.7674943566591422,0.6671990308374417,0.5991662647485209
dropout,random_forest,2,3,0.7720090293453724,0.685691585472031,0.557940799932372
dropout,gradient_boosting,2,3,0.7720090293453724,0.7188381357541603,0.6105390787124634
dropout,logistic_regression,2,3,0.781038374717833,0.7098119272032316,0.559875152640799
dropout,random_forest,3,3,0.7674943566591422,0.6855505560704139,0.5909391885041535
dropout,gradient_boosting,3,3,0.7720090293453724,0.6945139110391897,0.6448718309402466
dropout,logistic_regression,3,3,0.7539503386004515,0.6716922200961916,0.5860131033418425
dropout,random_forest,4,3,0.7850678733031674,0.7118036872422837,0.5450526625292983
dropout,gradient_boosting,4,3,0.7737556561085973,0.7047619047619048,0.5891637802124023
dropout,logistic_regression,4,3,0.7737556561085973,0.6762429745621583,0.5584499602418169
dropout,random_forest,5,3,0.7895927601809954,0.7143075908733669,0.5510085942068149
dropout,gradient_boosting,5,3,0.7963800904977375,0.7292342138103628,0.546134352684021
dropout,logistic_regression,5,3,0.7669683257918553,0.670545308060941,0.5500871662286229
dropout,random_forest,6,3,0.7850678733031674,0.7045937637481142,0.5587943315026704
dropout,gradient_boosting,6,3,0.8054298642533937,0.7462789661319075,0.5424487590789795
dropout,logistic_regression,6,3,0.7624434389140271,0.670734951779182,0.5683316641521192
dropout,random_forest,7,3,0.753393665158371,0.6720285474778703,0.5987483865446538
dropout,gradient_boosting,7,3,0.7737556561085973,0.6999394791799856,0.6559563279151917
dropout,logistic_regression,7,3,0.744343891402715,0.6434560566964128,0.5776630868512378
dropout,random_forest,8,3,0.7941176470588235,0.7178589147991419,0.5491947707781804
dropout,gradient_boosting,8,3,0.7760180995475113,0.7132220160791589,0.5547214150428772
dropout,logistic_regression,8,3,0.7760180995475113,0.7033333256264892,0.5709843554694215
dropout,random_forest,9,3,0.746606334841629,0.6511744324970131,0.5866786432896204
dropout,gradient_boosting,9,3,0.744343891402715,0.6713051161296013,0.7078079581260681
dropout,logistic_regression,9,3,0.7420814479638009,0.6388013323497194,0.6341975967234288
german_credit,random_forest,0,2,0.73,0.6129032258064516,0.49375746749474314
german_credit,gradient_boosting,0,2,0.73,0.6534462841740469,0.5872378349304199
german_credit,logistic_regression,0,2,0.71,0.6442154336891179,0.5090556226334553
german_credit,random_forest,1,2,0.8,0.7086247086247086,0.4636363274292526
german_credit,gradient_boosting,1,2,0.78,0.7271825396825397,0.6380857825279236
german_credit,logistic_regression,1,2,0.78,0.7066666666666668,0.528565354943341
german_credit,random_forest,2,2,0.74,0.6621621621621622,0.5350425720200731
german_credit,gradient_boosting,2,2,0.76,0.7142857142857143,0.8047492504119873
german_credit,logistic_regression,2,2,0.74,0.6843127731908694,0.5517911223146488
german_credit,random_forest,3,2,0.72,0.5780590717299579,0.52101738181628
german_credit,gradient_boosting,3,2,0.73,0.6129032258064516,0.6881036162376404
german_credit,logistic_regression,3,2,0.73,0.6446900908014213,0.562097418698945
german_credit,random_forest,4,2,0.81,0.718560213301733,0.4509920873025879
german_credit,gradient_boosting,4,2,0.77,0.7115987460815048,0.5312132239341736
german_credit,logistic_regression,4,2,0.77,0.7047875754075215,0.4293714294506842
german_credit,random_forest,5,2,0.72,0.592074592074592,0.5212005297489466
german_credit,gradient_boosting,5,2,0.77,0.6891471820516286,0.6220209002494812
german_credit,logistic_regression,5,2,0.71,0.6080551425868361,0.5337983442394055
german_credit,random_forest,6,2,0.79,0.6989247311827957,0.4808581626003233
german_credit,gradient_boosting,6,2,0.75,0.6865203761755485,0.5632845759391785
german_credit,logistic_regression,6,2,0.74,0.6621621621621622,0.48503638423372175
german_credit,random_forest,7,2,0.77,0.6801557502433597,0.46394000027829935
german_credit,gradient_boosting,7,2,0.77,0.7047875754075215,0.6090831160545349
german_credit,logistic_regression,7,2,0.76,0.6881496881496881,0.46100220026356625
german_credit,random_forest,8,2,0.75,0.6523432067862607,0.4861759122128082
german_credit,gradient_boosting,8,2,0.81,0.7617554858934169,0.580398440361023
german_credit,logistic_regression,8,2,0.78,0.7271825396825397,0.461941716764203
german_credit,random_forest,9,2,0.75,0.6523432067862607,0.4994832520170968
german_credit,gradient_boosting,9,2,0.78,0.7141372141372141,0.5800299644470215
german_credit,logistic_regression,9,2,0.79,0.7304582210242587,0.49375679892088464
rice,random_forest,0,2,0.9238845144356955,0.9218140775702852,0.19570662972565575
rice,gradient_boosting,0,2,0.910761154855643,0.9079134440400365,0.24761687219142914
rice,logistic_regression,0,2,0.9291338582677166,0.9273316803356857,0.1787169547215197
rice,random_forest,1,2,0.931758530183727,0.9303061856250352,0.19407115189065716
rice,gradient_boosting,1,2,0.9238845144356955,0.9223241590214067,0.23086634278297424
rice,logistic_regression,1,2,0.94750656167979,0.9464707204675733,0.16179166577486725
rice,random_forest,2,2,0.9448818897637795,0.943751977222398,0.25619715991033315
rice,gradient_boosting,2,2,0.9238845144356955,0.9219488418420327,0.2072603702545166
rice,logistic_regression,2,2,0.9396325459317585,0.9386589386589387,0.16584718197014187
rice,random_forest,3,2,0.9396325459317585,0.9379904753143642,0.35038577606659177
rice,gradient_boosting,3,2,0.9186351706036745,0.916967204471159,0.24047847092151642
rice,logistic_regression,3,2,0.937007874015748,0.9354601919819311,0.17855090736539583
rice,random_forest,4,2,0.9081364829396326,0.9061080795634572,0.2549293429304912
rice,gradient_boosting,4,2,0.9133858267716536,0.9113309872564299,0.29555460810661316
rice,logistic_regression,4,2,0.916010498687664,0.9140876035853205,0.20781679910146844
rice,random_forest,5,2,0.9291338582677166,0.9275690899489526,0.19321032893641654
rice,gradient_boosting,5,2,0.905511811023622,0.903647296841632,0.25633522868156433
rice,logistic_regression,5,2,0.9343832020997376,0.9329343425453265,0.17960060783251228
rice,random_forest,6,2,0.916010498687664,0.9147126308131401,0.30027966667974915
rice,gradient_boosting,6,2,0.9186351706036745,0.9173229173229174,0.2688654661178589
rice,logistic_regression,6,2,0.9212598425196851,0.9199355561782012,0.19280986869143507
rice,random_forest,7,2,0.910761154855643,0.9087180788094029,0.237056495866585
rice,gradient_boosting,7,2,0.8976377952755905,0.8952093485757808,0.3168274164199829
rice,logistic_regression,7,2,0.9133858267716536,0.911029812407566,0.19865562709447007
rice,random_forest,8,2,0.9212598425196851,0.9194571283612379,0.3036758233592889
rice,gradient_boosting,8,2,0.916010498687664,0.9143531527481173,0.24446596205234528
rice,logistic_regression,8,2,0.9186351706036745,0.917090771250272,0.20450856998406056
rice,random_forest,9,2,0.9396325459317585,0.9382003850575118,0.1794022634107082
rice,gradient_boosting,9,2,0.931758530183727,0.930081874647092,0.20436696708202362
rice,logistic_regression,9,2,0.937007874015748,0.9353506787330317,0.16591178375537252
