dataset,model,n_classes,accuracy_mean,accuracy_std,f1_macro_mean,f1_macro_std,log_loss_mean,log_loss_std
dropout,gradient_boosting,3,0.7771263393358733,0.01663778995714315,0.7099493300714375,0.021399561387501213,0.6163420438766479,0.05796686366476964
dropout,logistic_regression,3,0.7631073613678845,0.012970960536126392,0.6726014822986336,0.02204667464472906,0.5773987260310476,0.024441614416426012
dropout,random_forest,3,0.7746396943913874,0.015936941810533345,0.6918211319600005,0.02303240857278197,0.5720638807338039,0.021782207882698423
german_credit,gradient_boosting,2,0.765,0.024152294576982394,0.6975764343695586,0.040971356513530635,0.6204206705093384,0.07785881382830749
german_credit,logistic_regression,2,0.751,0.029230881691191722,0.6800680293361082,0.03972727318962606,0.5016416392462856,0.043169324866251205
german_credit,random_forest,2,0.758,0.03293090409394262,0.6556150868698282,0.048523746788551474,0.49161036929204105,0.02796124892324579
oulad,gradient_boosting,4,0.44009479177059474,0.005825989567132112,0.3198332941231313,0.004746752950277356,1.2230896472930908,0.008838932294271018
oulad,logistic_regression,4,0.45012786676631206,0.009970225345609311,0.30711079827063326,0.009200836274777297,1.2054242435386697,0.006168083613829116
oulad,random_forest,4,0.4457095781949749,0.0059382811571268455,0.28623789658661913,0.006007783751058267,1.2124934905116462,0.004862348866513952
rice,gradient_boosting,2,0.9160104986876639,0.009820623062398809,0.9141099226766605,0.010085133212047364,0.25126377046108245,0.035470342156588126
rice,logistic_regression,2,0.9293963254593176,0.01150406339357933,0.9278350296143847,0.011806675288944772,0.18342099662912437,0.01667921665120174
rice,random_forest,2,0.9265091863517061,0.01267836985668367,0.9248628108285786,0.01290097323043151,0.2464914638776477,0.05761799048094078
