dataset,model,method,rep_i,rep_j,tau
oulad,random_forest,lime,0,1,0.9710884353741496
oulad,random_forest,lime,0,2,0.9761904761904759
oulad,random_forest,lime,0,3,0.9642857142857142
oulad,random_forest,lime,0,4,0.9812925170068026
oulad,random_forest,lime,1,2,0.988095238095238
oulad,random_forest,lime,1,3,0.9761904761904759
oulad,random_forest,lime,1,4,0.9659863945578231
oulad,random_forest,lime,2,3,0.9812925170068026
oulad,random_forest,lime,2,4,0.9676870748299318
oulad,random_forest,lime,3,4,0.9659863945578231
oulad,random_forest,permutation,0,1,0.6734693877551019
oulad,random_forest,permutation,0,2,0.6785714285714285
oulad,random_forest,permutation,0,3,0.7551020408163264
oulad,random_forest,permutation,0,4,0.6887755102040816
oulad,random_forest,permutation,1,2,0.6445578231292516
oulad,random_forest,permutation,1,3,0.5986394557823128
oulad,random_forest,permutation,1,4,0.596938775510204
oulad,random_forest,permutation,2,3,0.6411564625850339
oulad,random_forest,permutation,2,4,0.6666666666666666
oulad,random_forest,permutation,3,4,0.6955782312925168
oulad,gradient_boosting,lime,0,1,0.9387755102040815
oulad,gradient_boosting,lime,0,2,0.9608843537414964
oulad,gradient_boosting,lime,0,3,0.9676870748299318
oulad,gradient_boosting,lime,0,4,0.9693877551020407
oulad,gradient_boosting,lime,1,2,0.9642857142857142
oulad,gradient_boosting,lime,1,3,0.9438775510204082
oulad,gradient_boosting,lime,1,4,0.9387755102040815
oulad,gradient_boosting,lime,2,3,0.9557823129251699
oulad,gradient_boosting,lime,2,4,0.954081632653061
oulad,gradient_boosting,lime,3,4,0.9744897959183673
oulad,gradient_boosting,permutation,0,1,0.6153191489361701
oulad,gradient_boosting,permutation,0,2,0.6340425531914894
oulad,gradient_boosting,permutation,0,3,0.6153191489361701
oulad,gradient_boosting,permutation,0,4,0.6851063829787234
oulad,gradient_boosting,permutation,1,2,0.5795744680851064
oulad,gradient_boosting,permutation,1,3,0.5574468085106383
oulad,gradient_boosting,permutation,1,4,0.6851063829787234
oulad,gradient_boosting,permutation,2,3,0.548936170212766
oulad,gradient_boosting,permutation,2,4,0.6561702127659574
oulad,gradient_boosting,permutation,3,4,0.5659574468085106
oulad,logistic_regression,lime,0,1,0.9642857142857142
oulad,logistic_regression,lime,0,2,0.988095238095238
oulad,logistic_regression,lime,0,3,0.954081632653061
oulad,logistic_regression,lime,0,4,0.9506802721088435
oulad,logistic_regression,lime,1,2,0.9523809523809522
oulad,logistic_regression,lime,1,3,0.9387755102040815
oulad,logistic_regression,lime,1,4,0.9455782312925168
oulad,logistic_regression,lime,2,3,0.9659863945578231
oulad,logistic_regression,lime,2,4,0.9557823129251699
oulad,logistic_regression,lime,3,4,0.9795918367346937
oulad,logistic_regression,permutation,0,1,0.6666666666666666
oulad,logistic_regression,permutation,0,2,0.6003401360544217
oulad,logistic_regression,permutation,0,3,0.683673469387755
oulad,logistic_regression,permutation,0,4,0.6802721088435373
oulad,logistic_regression,permutation,1,2,0.6955782312925168
oulad,logistic_regression,permutation,1,3,0.7346938775510202
oulad,logistic_regression,permutation,1,4,0.792517006802721
oulad,logistic_regression,permutation,2,3,0.7193877551020407
oulad,logistic_regression,permutation,2,4,0.6785714285714285
oulad,logistic_regression,permutation,3,4,0.7517006802721087
dropout,random_forest,lime,0,1,0.9138755980861244
dropout,random_forest,lime,0,2,0.9011164274322168
dropout,random_forest,lime,0,3,0.9393939393939392
dropout,random_forest,lime,0,4,0.9074960127591706
dropout,random_forest,lime,1,2,0.9553429027113237
dropout,random_forest,lime,1,3,0.9298245614035087
dropout,random_forest,lime,1,4,0.9298245614035087
dropout,random_forest,lime,2,3,0.9425837320574162
dropout,random_forest,lime,2,4,0.9362041467304625
dropout,random_forest,lime,3,4,0.923444976076555
dropout,random_forest,permutation,0,1,1.0
dropout,random_forest,permutation,0,2,1.0
dropout,random_forest,permutation,0,3,1.0
dropout,random_forest,permutation,0,4,1.0
dropout,random_forest,permutation,1,2,1.0
dropout,random_forest,permutation,1,3,1.0
dropout,random_forest,permutation,1,4,1.0
dropout,random_forest,permutation,2,3,1.0
dropout,random_forest,permutation,2,4,1.0
dropout,random_forest,permutation,3,4,1.0
dropout,gradient_boosting,lime,0,1,0.9330143540669856
dropout,gradient_boosting,lime,0,2,0.945773524720893
dropout,gradient_boosting,lime,0,3,0.9425837320574162
dropout,gradient_boosting,lime,0,4,0.9330143540669856
dropout,gradient_boosting,lime,1,2,0.9425837320574162
dropout,gradient_boosting,lime,1,3,0.9330143540669856
dropout,gradient_boosting,lime,1,4,0.9425837320574162
dropout,gradient_boosting,lime,2,3,0.9585326953748005
dropout,gradient_boosting,lime,2,4,0.9617224880382774
dropout,gradient_boosting,lime,3,4,0.9330143540669856
dropout,gradient_boosting,permutation,0,1,1.0
dropout,gradient_boosting,permutation,0,2,1.0
dropout,gradient_boosting,permutation,0,3,1.0
dropout,gradient_boosting,permutation,0,4,1.0
dropout,gradient_boosting,permutation,1,2,1.0
dropout,gradient_boosting,permutation,1,3,1.0
dropout,gradient_boosting,permutation,1,4,1.0
dropout,gradient_boosting,permutation,2,3,1.0
dropout,gradient_boosting,permutation,2,4,1.0
dropout,gradient_boosting,permutation,3,4,1.0
dropout,logistic_regression,lime,0,1,0.9298245614035087
dropout,logistic_regression,lime,0,2,0.9362041467304625
dropout,logistic_regression,lime,0,3,0.9425837320574162
dropout,logistic_regression,lime,0,4,0.945773524720893
dropout,logistic_regression,lime,1,2,0.9553429027113237
dropout,logistic_regression,lime,1,3,0.9425837320574162
dropout,logistic_regression,lime,1,4,0.9585326953748005
dropout,logistic_regression,lime,2,3,0.923444976076555
dropout,logistic_regression,lime,2,4,0.9393939393939392
dropout,logistic_regression,lime,3,4,0.9585326953748005
dropout,logistic_regression,permutation,0,1,1.0
dropout,logistic_regression,permutation,0,2,1.0
dropout,logistic_regression,permutation,0,3,1.0
dropout,logistic_regression,permutation,0,4,1.0
dropout,logistic_regression,permutation,1,2,1.0
dropout,logistic_regression,permutation,1,3,1.0
dropout,logistic_regression,permutation,1,4,1.0
dropout,logistic_regression,permutation,2,3,1.0
dropout,logistic_regression,permutation,2,4,1.0
dropout,logistic_regression,permutation,3,4,1.0
german_credit,random_forest,lime,0,1,0.9945175438596491
german_credit,random_forest,lime,0,2,0.9923245614035089
german_credit,random_forest,lime,0,3,0.9956140350877193
german_credit,random_forest,lime,0,4,0.9945175438596491
german_credit,random_forest,lime,1,2,0.9912280701754386
german_credit,random_forest,lime,1,3,0.9945175438596491
german_credit,random_forest,lime,1,4,0.9978070175438597
german_credit,random_forest,lime,2,3,0.9901315789473684
german_credit,random_forest,lime,2,4,0.9912280701754386
german_credit,random_forest,lime,3,4,0.9945175438596491
german_credit,random_forest,permutation,0,1,1.0
german_credit,random_forest,permutation,0,2,1.0
german_credit,random_forest,permutation,0,3,1.0
german_credit,random_forest,permutation,0,4,1.0
german_credit,random_forest,permutation,1,2,1.0
german_credit,random_forest,permutation,1,3,1.0
german_credit,random_forest,permutation,1,4,1.0
german_credit,random_forest,permutation,2,3,1.0
german_credit,random_forest,permutation,2,4,1.0
german_credit,random_forest,permutation,3,4,1.0
german_credit,gradient_boosting,lime,0,1,0.9846491228070176
german_credit,gradient_boosting,lime,0,2,0.9890350877192983
german_credit,gradient_boosting,lime,0,3,0.9824561403508772
german_credit,gradient_boosting,lime,0,4,0.9802631578947368
german_credit,gradient_boosting,lime,1,2,0.9890350877192983
german_credit,gradient_boosting,lime,1,3,0.986842105263158
german_credit,gradient_boosting,lime,1,4,0.986842105263158
german_credit,gradient_boosting,lime,2,3,0.9824561403508772
german_credit,gradient_boosting,lime,2,4,0.9912280701754386
german_credit,gradient_boosting,lime,3,4,0.9780701754385965
german_credit,gradient_boosting,permutation,0,1,0.9999999999999998
german_credit,gradient_boosting,permutation,0,2,0.9999999999999998
german_credit,gradient_boosting,permutation,0,3,0.9999999999999998
german_credit,gradient_boosting,permutation,0,4,0.9999999999999998
german_credit,gradient_boosting,permutation,1,2,0.9999999999999998
german_credit,gradient_boosting,permutation,1,3,0.9999999999999998
german_credit,gradient_boosting,permutation,1,4,0.9999999999999998
german_credit,gradient_boosting,permutation,2,3,0.9999999999999998
german_credit,gradient_boosting,permutation,2,4,0.9999999999999998
german_credit,gradient_boosting,permutation,3,4,0.9999999999999998
german_credit,logistic_regression,lime,0,1,0.993421052631579
german_credit,logistic_regression,lime,0,2,0.9978070175438597
german_credit,logistic_regression,lime,0,3,0.993421052631579
german_credit,logistic_regression,lime,0,4,0.9956140350877193
german_credit,logistic_regression,lime,1,2,0.9912280701754386
german_credit,logistic_regression,lime,1,3,0.993421052631579
german_credit,logistic_regression,lime,1,4,0.9912280701754386
german_credit,logistic_regression,lime,2,3,0.993421052631579
german_credit,logistic_regression,lime,2,4,0.9956140350877193
german_credit,logistic_regression,lime,3,4,0.993421052631579
german_credit,logistic_regression,permutation,0,1,1.0
german_credit,logistic_regression,permutation,0,2,1.0
german_credit,logistic_regression,permutation,0,3,1.0
german_credit,logistic_regression,permutation,0,4,1.0
german_credit,logistic_regression,permutation,1,2,1.0
german_credit,logistic_regression,permutation,1,3,1.0
german_credit,logistic_regression,permutation,1,4,1.0
german_credit,logistic_regression,permutation,2,3,1.0
german_credit,logistic_regression,permutation,2,4,1.0
german_credit,logistic_regression,permutation,3,4,1.0
rice,random_forest,lime,0,1,1.0
rice,random_forest,lime,0,2,1.0
rice,random_forest,lime,0,3,1.0
rice,random_forest,lime,0,4,1.0
rice,random_forest,lime,1,2,1.0
rice,random_forest,lime,1,3,1.0
rice,random_forest,lime,1,4,1.0
rice,random_forest,lime,2,3,1.0
rice,random_forest,lime,2,4,1.0
rice,random_forest,lime,3,4,1.0
rice,random_forest,permutation,0,1,1.0
rice,random_forest,permutation,0,2,1.0
rice,random_forest,permutation,0,3,1.0
rice,random_forest,permutation,0,4,1.0
rice,random_forest,permutation,1,2,1.0
rice,random_forest,permutation,1,3,1.0
rice,random_forest,permutation,1,4,1.0
rice,random_forest,permutation,2,3,1.0
rice,random_forest,permutation,2,4,1.0
rice,random_forest,permutation,3,4,1.0
rice,gradient_boosting,lime,0,1,1.0
rice,gradient_boosting,lime,0,2,0.9047619047619049
rice,gradient_boosting,lime,0,3,1.0
rice,gradient_boosting,lime,0,4,1.0
rice,gradient_boosting,lime,1,2,0.9047619047619049
rice,gradient_boosting,lime,1,3,1.0
rice,gradient_boosting,lime,1,4,1.0
rice,gradient_boosting,lime,2,3,0.9047619047619049
rice,gradient_boosting,lime,2,4,0.9047619047619049
rice,gradient_boosting,lime,3,4,1.0
rice,gradient_boosting,permutation,0,1,1.0
rice,gradient_boosting,permutation,0,2,1.0
rice,gradient_boosting,permutation,0,3,1.0
rice,gradient_boosting,permutation,0,4,1.0
rice,gradient_boosting,permutation,1,2,1.0
rice,gradient_boosting,permutation,1,3,1.0
rice,gradient_boosting,permutation,1,4,1.0
rice,gradient_boosting,permutation,2,3,1.0
rice,gradient_boosting,permutation,2,4,1.0
rice,gradient_boosting,permutation,3,4,1.0
rice,logistic_regression,lime,0,1,1.0
rice,logistic_regression,lime,0,2,1.0
rice,logistic_regression,lime,0,3,1.0
rice,logistic_regression,lime,0,4,1.0
rice,logistic_regression,lime,1,2,1.0
rice,logistic_regression,lime,1,3,1.0
rice,logistic_regression,lime,1,4,1.0
rice,logistic_regression,lime,2,3,1.0
rice,logistic_regression,lime,2,4,1.0
rice,logistic_regression,lime,3,4,1.0
rice,logistic_regression,permutation,0,1,1.0
rice,logistic_regression,permutation,0,2,1.0
rice,logistic_regression,permutation,0,3,1.0
rice,logistic_regression,permutation,0,4,1.0
rice,logistic_regression,permutation,1,2,1.0
rice,logistic_regression,permutation,1,3,1.0
rice,logistic_regression,permutation,1,4,1.0
rice,logistic_regression,permutation,2,3,1.0
rice,logistic_regression,permutation,2,4,1.0
rice,logistic_regression,permutation,3,4,1.0
